City_ID,City,Country,Date,Lat,Lng,Max Temp,Humidity,Cloudiness,Wind Speed
0,Barrow,US,2022-01-16 21:42:29,71.2906,-156.7887,-18.38,69,75,5.75
1,Yurga,RU,2022-01-16 21:46:14,55.7231,84.8861,34.3,99,100,15.46
2,Hasaki,JP,2022-01-16 21:46:14,35.7333,140.8333,28.8,57,98,9.33
3,Colac,AU,2022-01-16 21:46:15,-38.3333,143.5833,64.62,69,100,8.86
4,Ribeira Grande,PT,2022-01-16 21:46:15,38.5167,-28.7,55.8,58,40,8.05
5,Tasiilaq,GL,2022-01-16 21:46:15,65.6145,-37.6368,15.96,94,100,12.77
6,Ushuaia,AR,2022-01-16 21:42:38,-54.8,-68.3,42.46,61,75,18.41
7,Vaini,TO,2022-01-16 21:42:34,-21.2,-175.2,80.11,82,30,12.88
8,Port Alfred,ZA,2022-01-16 21:44:06,-33.5906,26.891,71.92,91,98,11.16
9,Upernavik,GL,2022-01-16 21:46:16,72.7868,-56.1549,-17.09,90,3,3.83
10,Avarua,CK,2022-01-16 21:46:17,-21.2078,-159.775,84.25,79,100,21.85
11,Nikolskoye,RU,2022-01-16 21:46:17,59.7035,30.7861,33.8,98,100,14.63
12,Atar,MR,2022-01-16 21:46:18,20.5169,-13.0499,71.47,16,100,11.77
13,Hithadhoo,MV,2022-01-16 21:46:18,-0.6,73.0833,80.24,74,99,3.04
14,Bredasdorp,ZA,2022-01-16 21:46:19,-34.5322,20.0403,63.72,77,44,2.3
15,Provideniya,RU,2022-01-16 21:46:19,64.3833,-173.3,3.31,60,0,11.18
16,Mataura,NZ,2022-01-16 21:46:20,-46.1927,168.8643,64.49,55,100,2.93
17,Karwar,IN,2022-01-16 21:46:20,14.8,74.1333,73.2,69,82,4.0
18,Oranjestad,AW,2022-01-16 21:44:52,12.524,-70.027,82.35,74,75,20.71
19,Bereda,ES,2022-01-16 21:46:21,43.2686,-7.5406,45.88,91,67,1.16
20,Lingao,CN,2022-01-16 21:46:22,19.9103,109.6859,69.24,87,96,9.28
21,Saint-Augustin,CA,2022-01-16 21:46:22,51.226,-58.6502,0.34,77,52,11.27
22,Sao Joao Da Barra,BR,2022-01-16 21:46:23,-21.6403,-41.0511,80.69,84,73,11.54
23,Menongue,AO,2022-01-16 21:46:23,-14.6585,17.691,68.14,38,99,1.72
24,Cidreira,BR,2022-01-16 21:44:08,-30.1811,-50.2056,77.11,87,100,9.84
25,Punta Arenas,CL,2022-01-16 21:45:50,-53.15,-70.9167,50.11,46,0,24.16
26,Ndele,CF,2022-01-16 21:46:24,8.4109,20.6473,75.94,22,100,4.83
27,Hobart,AU,2022-01-16 21:46:25,-42.8794,147.3294,69.12,81,20,1.99
28,Ypsonas,CY,2022-01-16 21:46:25,34.6884,32.9574,45.36,49,0,4.61
29,La Paz,BO,2022-01-16 21:45:02,-16.5,-68.15,51.78,76,75,2.3
30,Cody,US,2022-01-16 21:46:26,44.5263,-109.0565,47.64,37,0,5.75
31,Tucuman,AR,2022-01-16 21:46:26,-26.8241,-65.2226,104.0,22,0,1.14
32,Saldanha,ZA,2022-01-16 21:46:27,-33.0117,17.9442,66.25,91,55,7.14
33,Port Elizabeth,ZA,2022-01-16 21:46:27,-33.918,25.5701,72.1,78,100,16.11
34,Rikitea,PF,2022-01-16 21:46:28,-23.1203,-134.9692,77.25,69,35,7.49
35,Georgetown,MY,2022-01-16 21:45:21,5.4112,100.3354,79.9,82,20,3.0
36,Bluff,NZ,2022-01-16 21:46:28,-46.6,168.3333,60.26,70,99,8.57
37,New Norfolk,AU,2022-01-16 21:46:29,-42.7826,147.0587,68.76,68,11,1.01
38,Keskin,TR,2022-01-16 21:46:30,39.6731,33.6136,22.35,69,4,0.81
39,Hermanus,ZA,2022-01-16 21:46:30,-34.4187,19.2345,65.52,90,26,5.39
40,Talnakh,RU,2022-01-16 21:46:31,69.4865,88.3972,11.21,87,100,18.39
41,Elko,US,2022-01-16 21:46:31,41.0002,-115.5012,37.42,53,6,1.21
42,San Fernando,PH,2022-01-16 21:46:32,15.0286,120.6898,73.49,85,68,4.99
43,Port Lincoln,AU,2022-01-16 21:45:14,-34.7333,135.8667,65.62,74,100,11.25
44,Najran,SA,2022-01-16 21:46:33,17.4924,44.1277,66.85,66,0,5.39
45,Bethel,US,2022-01-16 21:46:33,41.3712,-73.414,29.53,77,100,3.0
46,Mar Del Plata,AR,2022-01-16 21:46:34,-38.0023,-57.5575,82.42,70,40,17.0
47,Busselton,AU,2022-01-16 21:42:44,-33.65,115.3333,53.1,81,1,11.05
48,Kapaa,US,2022-01-16 21:46:35,22.0752,-159.319,77.32,75,20,1.01
49,Nanortalik,GL,2022-01-16 21:47:35,60.1432,-45.2371,26.58,74,100,21.16
50,Harnai,PK,2022-01-16 21:47:36,30.1005,67.9374,52.99,66,100,3.56
51,Airai,TL,2022-01-16 21:47:36,-8.9266,125.4092,61.52,88,100,2.06
52,Geraldton,AU,2022-01-16 21:47:37,-28.7667,114.6,64.81,88,15,12.66
53,Norman Wells,CA,2022-01-16 21:43:37,65.282,-126.8329,-25.56,68,20,0.0
54,Cape Town,ZA,2022-01-16 21:46:07,-33.9258,18.4232,69.35,62,34,3.42
55,Yar-Sale,RU,2022-01-16 21:47:38,66.8333,70.8333,-10.19,100,53,5.59
56,Talcahuano,CL,2022-01-16 21:47:38,-36.7167,-73.1167,64.08,59,20,17.27
57,Biak,ID,2022-01-16 21:47:38,-0.9131,122.8766,76.01,85,98,4.23
58,Lulea,SE,2022-01-16 21:47:39,65.5842,22.1547,26.67,59,0,18.41
59,Ilulissat,GL,2022-01-16 21:45:22,69.2167,-51.1,3.22,60,20,4.61
60,Tomatlan,MX,2022-01-16 21:47:40,19.9333,-105.25,83.41,56,100,8.79
61,Hami,CN,2022-01-16 21:47:40,42.8,93.45,24.84,49,0,1.3
62,Puerto Ayora,EC,2022-01-16 21:43:57,-0.7393,-90.3518,84.16,78,100,10.6
63,Roald,NO,2022-01-16 21:47:42,62.5833,6.1333,35.74,51,40,26.46
64,Albany,US,2022-01-16 21:46:04,42.6001,-73.9662,22.75,48,79,1.01
65,Pirassununga,BR,2022-01-16 21:47:42,-21.9961,-47.4258,76.66,78,0,3.44
66,Grand Gaube,MU,2022-01-16 21:43:39,-20.0064,57.6608,78.39,85,11,5.32
67,Jamestown,US,2022-01-16 21:46:38,42.097,-79.2353,28.71,24,75,13.0
68,Sibolga,ID,2022-01-16 21:47:43,1.7427,98.7792,75.52,88,52,3.51
69,Tabas,IR,2022-01-16 21:47:44,33.5959,56.9244,52.41,72,12,8.39
70,Yellowknife,CA,2022-01-16 21:47:44,62.456,-114.3525,-12.44,76,75,4.61
71,Cabo San Lucas,MX,2022-01-16 21:47:45,22.8909,-109.9124,85.3,72,100,4.0
72,Kaitangata,NZ,2022-01-16 21:47:45,-46.2817,169.8464,68.65,57,98,2.21
73,Udachnyy,RU,2022-01-16 21:47:46,66.4167,112.4,-15.56,82,100,8.39
74,Antalaha,MG,2022-01-16 21:47:46,-14.9003,50.2788,75.29,88,98,4.99
75,Spornoye,RU,2022-01-16 21:47:47,50.8448,37.2913,26.62,98,55,7.09
76,Sitka,US,2022-01-16 21:45:31,57.0531,-135.33,37.29,93,100,4.61
77,Saskylakh,RU,2022-01-16 21:47:47,71.9167,114.0833,-24.77,94,8,12.64
78,Klaksvik,FO,2022-01-16 21:47:48,62.2266,-6.589,36.52,89,100,13.24
79,Tuktoyaktuk,CA,2022-01-16 21:47:48,69.4541,-133.0374,-34.6,67,0,10.36
80,Impfondo,CG,2022-01-16 21:47:49,1.6381,18.0667,74.59,76,99,3.58
81,West Bay,KY,2022-01-16 21:47:49,19.3667,-81.4167,83.07,72,20,1.99
82,Tessalit,ML,2022-01-16 21:47:49,20.1986,1.0114,60.15,20,47,10.98
83,Atuona,PF,2022-01-16 21:43:58,-9.8,-139.0333,78.67,78,86,21.14
84,Deputatskiy,RU,2022-01-16 21:47:51,69.3,139.9,-35.34,98,22,4.41
85,Markova,UA,2022-01-16 21:47:53,48.6758,24.4138,26.83,71,100,6.4
86,Mahibadhoo,MV,2022-01-16 21:47:53,3.7833,72.9667,81.52,78,99,13.31
87,Vung Tau,VN,2022-01-16 21:47:54,10.346,107.0843,74.98,81,34,12.5
88,Lukovetskiy,RU,2022-01-16 21:47:54,64.2956,41.9211,21.18,94,100,10.16
89,Krasnoselkup,RU,2022-01-16 21:47:55,65.7,82.4667,10.02,92,100,16.62
90,Roseville,US,2022-01-16 21:43:07,38.7521,-121.288,70.14,64,0,4.0
91,Manoel Urbano,BR,2022-01-16 21:47:56,-8.8389,-69.2597,82.51,77,88,2.24
92,Sawakin,SD,2022-01-16 21:44:07,19.1059,37.3321,69.76,58,24,9.75
93,Big Spring,US,2022-01-16 21:48:56,32.2504,-101.4787,71.28,11,0,5.99
94,Mogzon,RU,2022-01-16 21:48:57,51.7435,111.9606,-15.11,100,93,1.86
95,Thinadhoo,MV,2022-01-16 21:48:57,0.5333,72.9333,81.19,69,100,1.5
96,Kruisfontein,ZA,2022-01-16 21:48:58,-34.0033,24.7314,69.89,90,5,4.83
97,Lompoc,US,2022-01-16 21:48:58,34.6391,-120.4579,72.01,50,100,4.61
98,Glucholazy,PL,2022-01-16 21:48:59,50.315,17.3836,36.45,77,98,11.43
99,Chokurdakh,RU,2022-01-16 21:45:21,70.6333,147.9167,-40.9,99,88,6.64
100,Ostrovnoy,RU,2022-01-16 21:48:59,68.0531,39.5131,26.37,89,100,22.01
101,Sorong,ID,2022-01-16 21:49:00,-0.8833,131.25,75.52,88,100,4.47
102,Novo Oriente,BR,2022-01-16 21:49:00,-5.5344,-40.7742,77.79,69,83,3.13
103,Saint-Philippe,RE,2022-01-16 21:49:00,-21.3585,55.7679,78.39,87,98,6.96
104,Shelburne,CA,2022-01-16 21:49:01,44.0787,-80.2041,23.18,79,3,6.24
105,Sobolevo,RU,2022-01-16 21:49:01,54.4299,31.8996,23.95,90,79,14.43
106,Oer-Erkenschwick,DE,2022-01-16 21:49:02,51.6333,7.25,43.52,90,98,1.99
107,Mokhsogollokh,RU,2022-01-16 21:49:02,61.4681,128.9203,-38.42,100,76,2.89
108,Ushtobe,KZ,2022-01-16 21:49:03,45.2514,77.9838,42.21,55,100,4.18
109,Torbay,CA,2022-01-16 21:49:03,47.6666,-52.7314,22.57,70,40,25.32
110,Jand,PK,2022-01-16 21:49:03,33.4299,72.0193,55.45,37,100,2.91
111,Darhan,MN,2022-01-16 21:49:04,49.4867,105.9228,-8.25,93,28,4.85
112,Namibe,AO,2022-01-16 21:49:05,-15.1961,12.1522,68.56,78,56,4.9
113,Payson,US,2022-01-16 21:49:05,40.0444,-111.7321,48.51,58,0,5.75
114,Fairbanks,US,2022-01-16 21:42:27,64.8378,-147.7164,3.31,84,100,0.0
115,Iqaluit,CA,2022-01-16 21:49:06,63.7506,-68.5145,-25.31,74,75,1.99
116,Carutapera,BR,2022-01-16 21:49:06,-1.195,-46.02,77.11,88,76,6.15
117,Alora,ES,2022-01-16 21:49:07,36.8236,-4.7058,51.49,89,14,0.47
118,Fukue,JP,2022-01-16 21:49:07,32.6881,128.8419,45.68,64,91,25.39
119,Rawson,AR,2022-01-16 21:49:08,-43.3002,-65.1023,67.55,18,7,14.03
120,Husavik,IS,2022-01-16 21:49:08,66.0449,-17.3389,21.11,93,100,9.86
121,San Patricio,US,2022-01-16 21:49:08,28.017,-97.5169,68.09,14,0,7.49
122,Mandalgovi,MN,2022-01-16 21:49:09,45.7625,106.2708,7.07,60,0,11.25
123,Craig,US,2022-01-16 21:45:14,40.5153,-107.5464,37.54,58,0,3.44
124,Ahipara,NZ,2022-01-16 21:49:10,-35.1667,173.1667,72.34,61,1,11.07
125,Dikson,RU,2022-01-16 21:44:14,73.5069,80.5464,9.68,91,100,25.19
126,La Ronge,CA,2022-01-16 21:45:16,55.1001,-105.2842,8.85,85,100,3.44
127,Port Hedland,AU,2022-01-16 21:49:11,-20.3167,118.5667,82.45,78,100,12.66
128,Pueblo Nuevo,MX,2022-01-16 21:49:11,23.3833,-105.3833,66.07,30,97,7.18
129,Bela,IN,2022-01-16 21:49:12,25.9333,81.9833,45.16,53,0,3.87
130,Copoya,MX,2022-01-16 21:49:12,16.7167,-93.0833,63.16,65,69,10.07
131,Port Hawkesbury,CA,2022-01-16 21:49:13,45.6169,-61.3485,16.59,88,100,7.0
132,Tiksi,RU,2022-01-16 21:49:13,71.6872,128.8694,-24.38,98,38,6.42
133,Vangaindrano,MG,2022-01-16 21:49:13,-23.35,47.6,70.45,94,100,6.06
134,Pangnirtung,CA,2022-01-16 21:49:14,66.1451,-65.7125,-16.6,69,20,3.44
135,Dondo,MZ,2022-01-16 21:49:14,-19.6094,34.7431,81.91,83,95,6.08
136,Chuy,UY,2022-01-16 21:49:15,-33.6971,-53.4616,77.27,82,99,5.79
137,Batagay-Alyta,RU,2022-01-16 21:49:15,67.8006,130.4114,-30.8,85,31,4.07
138,Juli,PE,2022-01-16 21:49:16,-16.2167,-69.45,50.04,66,87,7.25
139,Tadine,NC,2022-01-16 21:49:16,-21.55,167.8833,79.65,67,16,12.46
140,Svidnik,SK,2022-01-16 21:50:17,49.3082,21.5703,27.18,91,100,6.71
141,Castro,BR,2022-01-16 21:50:17,-24.7911,-50.0119,65.57,96,80,4.56
142,Wuwei,CN,2022-01-16 21:50:18,37.9281,102.6414,24.87,42,0,4.81
143,Port Hardy,CA,2022-01-16 21:50:18,50.6996,-127.4199,46.76,100,100,14.97
144,Quang Ngai,VN,2022-01-16 21:50:18,15.1167,108.8,67.78,93,84,4.23
145,Borovskoy,KZ,2022-01-16 21:50:19,53.8,64.15,5.16,85,62,20.29
146,Butaritari,KI,2022-01-16 21:50:19,3.0707,172.7902,82.38,77,35,16.64
147,Humaita,BR,2022-01-16 21:50:20,-7.5061,-63.0208,77.29,91,100,1.45
148,East London,ZA,2022-01-16 21:50:20,-33.0153,27.9116,75.07,88,37,3.22
149,Codrington,AU,2022-01-16 21:50:21,-38.2667,141.9667,63.75,79,100,8.77
150,Adrar,MR,2022-01-16 21:50:21,20.5022,-10.0711,62.91,18,100,12.53
151,Bengkulu,ID,2022-01-16 21:50:21,-3.8004,102.2655,74.79,90,61,4.29
152,Buala,SB,2022-01-16 21:50:22,-8.145,159.5921,82.72,77,95,3.27
153,Sahibganj,IN,2022-01-16 21:50:22,25.25,87.65,51.6,48,0,7.38
154,Coquimbo,CL,2022-01-16 21:46:18,-29.9533,-71.3436,69.53,64,0,10.36
155,Redcliffe,AU,2022-01-16 21:50:23,-27.2307,153.0973,85.48,72,40,6.91
156,Arraial Do Cabo,BR,2022-01-16 21:50:23,-22.9661,-42.0278,78.76,73,0,16.11
157,Springbok,ZA,2022-01-16 21:49:42,-29.6643,17.8865,63.16,79,12,4.41
158,Clyde River,CA,2022-01-16 21:50:24,70.4692,-68.5914,-7.37,77,100,19.57
159,Yaan,NG,2022-01-16 21:50:24,7.3833,8.5667,86.13,16,100,0.56
160,Kodiak,US,2022-01-16 21:50:25,57.79,-152.4072,27.91,64,0,3.44
161,Kahului,US,2022-01-16 21:50:25,20.8947,-156.47,81.66,70,20,9.22
162,Kamaishi,JP,2022-01-16 21:50:26,39.2667,141.8833,34.23,72,55,11.88
163,Mbala,ZM,2022-01-16 21:50:27,-8.8402,31.3659,60.1,95,100,2.15
164,Eloy,US,2022-01-16 21:50:27,32.7559,-111.5548,77.52,15,67,2.06
165,Vestmannaeyjar,IS,2022-01-16 21:50:28,63.4427,-20.2734,45.36,89,100,19.75
166,Kapit,MY,2022-01-16 21:50:28,2.0167,112.9333,72.84,99,99,1.7
167,Henties Bay,NA,2022-01-16 21:50:29,-22.116,14.2845,68.86,86,95,8.16
168,Lakes Entrance,AU,2022-01-16 21:50:29,-37.8811,147.981,73.58,62,90,6.78
169,Asau,RO,2022-01-16 21:50:29,46.4333,26.4,24.28,62,100,7.43
170,Hvide Sande,DK,2022-01-16 21:50:30,56.0045,8.1294,44.1,83,100,36.1
171,Longyearbyen,SJ,2022-01-16 21:50:30,78.2186,15.6401,8.44,56,75,10.36
172,Bouza,NE,2022-01-16 21:50:31,14.4229,6.0428,63.7,22,0,13.67
173,North Bend,US,2022-01-16 21:50:31,43.4065,-124.2243,59.16,76,0,3.44
174,Khandyga,RU,2022-01-16 21:50:32,62.6667,135.6,-44.19,100,63,0.94
175,Solnechnyy,RU,2022-01-16 21:50:32,50.7214,136.6319,3.61,93,100,6.8
176,Cap-Chat,CA,2022-01-16 21:50:32,49.1001,-66.6821,15.8,56,57,10.36
177,Coihaique,CL,2022-01-16 21:42:29,-45.5752,-72.0662,57.81,41,40,8.05
178,Namatanai,PG,2022-01-16 21:50:34,-3.6667,152.4333,81.39,77,100,3.09
179,Huangmei,CN,2022-01-16 21:50:34,30.1924,116.025,47.89,70,100,1.74
180,Saint George,US,2022-01-16 21:48:18,37.1041,-113.5841,61.54,37,0,1.99
181,Rocha,UY,2022-01-16 21:50:26,-34.4833,-54.3333,79.11,76,72,10.04
182,Sioux Lookout,CA,2022-01-16 21:50:35,50.1001,-91.917,19.78,86,100,10.36
183,Hambantota,LK,2022-01-16 21:50:36,6.1241,81.1185,75.54,100,20,8.05
184,Jatai,BR,2022-01-16 21:51:36,-17.8814,-51.7144,75.25,72,99,5.23
185,Bud,US,2022-01-16 21:51:37,39.447,-86.1758,37.69,60,0,7.63
186,Mahebourg,MU,2022-01-16 21:51:37,-20.4081,57.7,78.26,88,75,5.75
187,Cardston,CA,2022-01-16 21:50:18,49.2,-113.3019,48.29,40,84,14.97
188,Esperance,AU,2022-01-16 21:51:38,-33.8667,121.9,60.64,68,59,12.93
189,Baiyin,CN,2022-01-16 21:51:38,36.5583,104.2081,13.08,44,41,1.25
190,Kudahuvadhoo,MV,2022-01-16 21:51:39,2.6708,72.8944,81.41,77,100,8.16
191,Hobyo,SO,2022-01-16 21:51:39,5.3505,48.5268,76.91,73,99,13.8
192,Manta,EC,2022-01-16 21:51:39,-0.95,-80.7333,78.58,78,75,8.05
193,Pointe-Noire,CG,2022-01-16 21:51:40,-4.7761,11.8635,78.87,89,75,4.61
194,Srednekolymsk,RU,2022-01-16 21:51:40,67.45,153.6833,-40.34,98,44,6.91
195,Tromso,NO,2022-01-16 21:51:41,69.6496,18.957,26.62,86,75,4.61
196,Kifri,IQ,2022-01-16 21:51:42,34.6959,44.9661,44.28,89,100,7.05
197,Sunrise Manor,US,2022-01-16 21:51:43,36.2111,-115.0731,65.21,20,0,1.01
198,Ergani,TR,2022-01-16 21:51:44,38.2653,39.7621,29.12,48,0,13.15
199,Faya,SA,2022-01-16 21:51:44,18.3851,42.4509,55.92,87,42,5.68
200,Tuatapere,NZ,2022-01-16 21:51:44,-46.1333,167.6833,68.59,51,90,6.4
201,Hilo,US,2022-01-16 21:51:38,19.7297,-155.09,80.33,71,0,9.22
202,Karratha,AU,2022-01-16 21:51:45,-20.7377,116.8463,79.93,58,12,16.96
203,Bambous Virieux,MU,2022-01-16 21:42:27,-20.3428,57.7575,78.22,88,75,5.75
204,Mayumba,GA,2022-01-16 21:51:46,-3.432,10.6554,76.96,88,100,4.85
205,Shahreza,IR,2022-01-16 21:51:47,32.0339,51.8794,32.74,52,0,5.68
206,Souillac,MU,2022-01-16 21:51:47,-20.5167,57.5167,78.37,88,75,5.75
207,Yershov,RU,2022-01-16 21:51:47,51.3513,48.2766,7.59,97,50,7.11
208,Key West,US,2022-01-16 21:51:48,24.5557,-81.7826,73.4,76,100,19.57
209,Wrexham,GB,2022-01-16 21:51:49,53.0,-3.0,44.96,86,8,9.84
210,Araouane,ML,2022-01-16 21:51:49,18.9048,-3.5265,59.79,19,96,10.71
211,Sechura,PE,2022-01-16 21:51:50,-5.5569,-80.8222,78.93,62,30,20.24
212,Viedma,AR,2022-01-16 21:51:50,-40.8135,-62.9967,67.95,24,1,13.02
213,Oktyabrskiy,RU,2022-01-16 21:51:51,54.4815,53.471,9.32,95,93,8.46
214,El Alto,PE,2022-01-16 21:51:51,-4.2714,-81.2147,76.66,75,43,16.96
215,Malanje,AO,2022-01-16 21:51:52,-9.5402,16.341,60.64,86,10,3.58
216,Ponta Do Sol,PT,2022-01-16 21:51:53,32.6667,-17.1,65.03,62,84,18.48
217,Qaanaaq,GL,2022-01-16 21:51:53,77.484,-69.3632,-7.47,61,0,8.28
218,Riyadh,SA,2022-01-16 21:50:45,24.6877,46.7219,57.34,29,0,4.9
219,Laguna,US,2022-01-16 21:51:54,38.421,-121.4238,67.84,67,0,1.01
220,Avera,US,2022-01-16 21:51:55,33.194,-82.5271,45.91,90,96,14.14
221,Kostomuksha,RU,2022-01-16 21:51:55,64.571,30.5767,25.86,81,100,17.18
222,Thompson,CA,2022-01-16 21:51:56,55.7435,-97.8558,-5.64,71,100,9.22
223,Maridi,SS,2022-01-16 21:51:56,4.9158,29.4742,74.84,70,100,8.9
224,Carnarvon,AU,2022-01-16 21:51:56,-24.8667,113.6333,71.67,88,100,20.71
225,Ambilobe,MG,2022-01-16 21:51:57,-13.2,49.05,76.77,92,98,2.28
226,Mayor Pablo Lagerenza,PY,2022-01-16 21:51:57,-19.9309,-60.7718,98.42,27,6,14.36
227,Lobito,AO,2022-01-16 21:51:57,-12.3481,13.5456,74.68,82,49,6.73
228,Lelydorp,SR,2022-01-16 21:51:58,5.7,-55.2333,82.33,78,40,13.8
229,Lokomotivnyy,RU,2022-01-16 21:52:59,53.0118,60.5684,8.06,87,96,17.45
230,Narsaq,GL,2022-01-16 21:44:14,60.9167,-46.05,39.42,84,100,7.78
231,Hirara,JP,2022-01-16 21:52:59,24.8,125.2833,64.67,94,75,9.22
232,Cavalcante,BR,2022-01-16 21:53:00,-13.7975,-47.4583,71.49,76,21,2.17
233,Bansi,IN,2022-01-16 21:53:00,27.1833,82.9333,47.35,70,10,6.49
234,Acarau,BR,2022-01-16 21:53:01,-2.8856,-40.12,80.58,76,22,12.24
235,Pedernales,DO,2022-01-16 21:53:01,18.0384,-71.744,80.49,67,13,2.64
236,Qaqortoq,GL,2022-01-16 21:53:01,60.7167,-46.0333,26.17,78,100,8.32
237,Clifton Springs,AU,2022-01-16 21:53:02,-38.15,144.5667,67.68,76,100,8.99
238,Palmer,US,2022-01-16 21:53:02,42.1584,-72.3287,27.01,41,75,0.0
239,Olafsvik,IS,2022-01-16 21:53:04,64.8945,-23.7142,42.64,97,100,19.01
240,Guerrero Negro,MX,2022-01-16 21:44:10,27.9769,-114.0611,70.75,34,93,14.65
241,Valencia,ES,2022-01-16 21:53:04,39.3333,-0.8333,41.68,49,0,4.07
242,Cap Malheureux,MU,2022-01-16 21:49:33,-19.9842,57.6142,78.48,84,11,5.03
243,Palu,ID,2022-01-16 21:53:05,-0.8917,119.8707,73.45,93,100,2.64
244,Newport,GB,2022-01-16 21:53:05,51.5877,-2.9984,44.55,83,13,5.79
245,Vanimo,PG,2022-01-16 21:53:06,-2.6741,141.3028,78.28,89,94,4.36
246,Sri Aman,MY,2022-01-16 21:53:06,1.2376,111.4621,77.05,94,99,0.0
247,Novyy Urengoy,RU,2022-01-16 21:52:39,66.0833,76.6333,8.71,96,100,12.12
248,Naryan-Mar,RU,2022-01-16 21:53:08,67.6713,53.087,-6.84,100,55,8.34
249,Basoko,CD,2022-01-16 21:53:08,1.2391,23.616,71.94,94,100,2.3
250,Beloha,MG,2022-01-16 21:53:09,-25.1667,45.05,72.27,89,30,9.89
251,Parambu,BR,2022-01-16 21:53:09,-6.2111,-40.6944,74.8,76,100,4.05
252,Provost,CA,2022-01-16 21:53:10,52.3501,-110.2683,23.23,91,80,4.56
253,Chifeng,CN,2022-01-16 21:53:10,42.2683,118.9636,9.77,47,6,11.1
254,Dharur,IN,2022-01-16 21:53:11,18.8167,76.1167,62.42,79,6,6.46
255,Hovd,MN,2022-01-16 21:53:11,48.0056,91.6419,3.15,83,90,1.7
256,Lavrentiya,RU,2022-01-16 21:53:11,65.5833,-171.0,-14.87,94,82,9.17
257,Geilo,NO,2022-01-16 21:53:12,60.5333,8.2076,26.46,88,93,28.83
258,Karia,NG,2022-01-16 21:53:12,11.7306,11.1629,65.34,20,71,10.25
259,Miri,MY,2022-01-16 21:53:13,4.4148,114.0089,75.34,100,40,0.0
260,Penzance,GB,2022-01-16 21:49:15,50.1186,-5.5371,48.76,81,4,9.22
261,Sungaipenuh,ID,2022-01-16 21:53:13,-2.0833,101.3833,63.18,96,84,2.59
262,Ponta Delgada,PT,2022-01-16 21:53:14,37.7333,-25.6667,57.92,62,20,18.41
263,San Rafael,AR,2022-01-16 21:50:35,-34.6177,-68.3301,86.38,16,0,12.91
264,Moroni,KM,2022-01-16 21:53:14,-11.7022,43.2551,80.71,73,41,2.28
265,Kem,RU,2022-01-16 21:53:15,64.9555,34.5793,28.44,94,100,15.35
266,Broken Hill,AU,2022-01-16 21:53:16,-31.95,141.4333,74.91,46,100,12.66
267,Oistins,BB,2022-01-16 21:53:16,13.0667,-59.5333,80.69,61,40,18.41
268,Kastamonu,TR,2022-01-16 21:53:17,41.5,33.6667,16.41,97,89,3.74
269,Cherskiy,RU,2022-01-16 21:53:17,68.75,161.3,-35.52,100,12,4.7
270,Pacific Grove,US,2022-01-16 21:53:18,36.6177,-121.9166,71.35,49,100,1.99
271,Urengoy,RU,2022-01-16 21:53:18,65.9667,78.3667,9.75,95,100,12.41
272,Kargasok,RU,2022-01-16 21:53:19,59.0556,80.8572,21.0,94,100,15.59
273,Porto Franco,BR,2022-01-16 21:53:19,-6.3383,-47.3992,74.21,91,91,3.94
274,Rosarito,MX,2022-01-16 21:53:20,32.3333,-117.0333,73.67,60,95,4.68
275,Labuan,MY,2022-01-16 21:53:20,5.2767,115.2417,79.16,94,20,1.99
276,Belyy Yar,RU,2022-01-16 21:54:21,53.6039,91.3903,10.29,83,100,2.24
277,Isangel,VU,2022-01-16 21:54:21,-19.55,169.2667,80.71,78,20,4.61
278,Mapiripan,CO,2022-01-16 21:54:22,2.8892,-72.1256,80.1,69,99,4.79
279,Pulgaon,IN,2022-01-16 21:54:22,20.7333,78.3333,63.37,65,2,7.18
280,Petrozavodsk,RU,2022-01-16 21:54:23,61.7849,34.3469,29.66,92,100,17.9
281,Lasa,IT,2022-01-16 21:54:23,46.6166,10.7002,35.37,81,21,6.69
282,Mayskiy,RU,2022-01-16 21:54:24,47.6931,40.1025,29.61,92,17,4.72
283,Lata,PT,2022-01-16 21:54:24,40.1629,-8.3327,54.81,86,68,3.42
284,Port Macquarie,AU,2022-01-16 21:52:13,-31.4333,152.9167,77.9,100,100,4.61
285,Katesh,TZ,2022-01-16 21:54:25,-4.5167,35.3833,58.69,96,100,2.3
286,Pangai,TO,2022-01-16 21:52:19,-19.8,-174.35,81.88,78,46,8.34
287,Kavieng,PG,2022-01-16 21:45:17,-2.5744,150.7967,81.73,77,97,2.84
288,Luderitz,NA,2022-01-16 21:54:26,-26.6481,15.1594,68.45,83,0,12.03
289,Lake Wales,US,2022-01-16 21:54:26,27.9014,-81.5859,65.88,69,100,19.57
290,Maarianhamina,AX,2022-01-16 21:54:27,60.0973,19.9348,37.26,81,0,10.36
291,Naron,ES,2022-01-16 21:54:27,43.5167,-8.1528,53.02,79,74,5.68
292,Itarema,BR,2022-01-16 21:54:27,-2.9248,-39.9167,80.33,76,21,10.78
293,Krasnyy Yar,RU,2022-01-16 21:54:28,46.5331,48.3456,28.33,90,68,11.61
294,Padang,ID,2022-01-16 21:52:15,-0.9492,100.3543,75.25,86,61,3.8
295,Amapa,BR,2022-01-16 21:54:29,1.0,-52.0,72.59,97,100,3.96
296,Weiden,DE,2022-01-16 21:54:29,49.6775,12.1567,34.54,91,100,8.05
297,Jumla,NP,2022-01-16 21:54:30,29.2747,82.1838,35.73,36,73,4.72
298,Cayenne,GF,2022-01-16 21:54:30,4.9333,-52.3333,80.64,84,75,7.0
299,Rockland,US,2022-01-16 21:54:31,41.1668,-74.0496,28.45,70,100,7.16
300,Rio Cuarto,AR,2022-01-16 21:50:16,-33.1307,-64.3499,85.77,37,75,17.27
301,Severo-Kurilsk,RU,2022-01-16 21:53:58,50.6789,156.125,22.77,65,21,5.14
302,Okha,RU,2022-01-16 21:54:32,53.5739,142.9478,7.9,95,100,11.59
303,Devgarh,IN,2022-01-16 21:54:32,25.5333,73.9,49.42,59,0,5.66
304,Khatanga,RU,2022-01-16 21:54:33,71.9667,102.5,-16.2,92,18,5.77
305,Sabha,LY,2022-01-16 21:54:33,27.0377,14.4283,46.24,66,4,9.15
306,Retie,BE,2022-01-16 21:54:33,51.2666,5.0839,43.79,97,86,7.85
307,Sile,TR,2022-01-16 21:54:34,41.1754,29.6133,37.56,55,14,6.55
308,Corigliano Calabro,IT,2022-01-16 21:54:35,39.595,16.5177,47.46,72,3,7.07
309,Sao Filipe,CV,2022-01-16 21:54:35,14.8961,-24.4956,71.6,71,0,2.35
310,Shimoda,JP,2022-01-16 21:54:36,34.6667,138.95,43.11,64,68,25.12
311,Laurentides,CA,2022-01-16 21:54:36,46.4334,-74.9826,8.31,84,6,3.04
312,Margate,GB,2022-01-16 21:54:37,51.3813,1.3862,44.46,91,81,1.99
313,Bonavista,CA,2022-01-16 21:54:37,48.6499,-53.1147,23.11,77,100,23.15
314,Meadow Lake,US,2022-01-16 21:54:38,34.8014,-106.5436,57.97,23,57,7.54
315,Khorixas,NA,2022-01-16 21:54:38,-20.3667,14.9667,66.56,53,99,8.12
316,Plouzane,FR,2022-01-16 21:54:38,48.3833,-4.6167,50.05,97,100,2.3
317,Faanui,PF,2022-01-16 21:54:39,-16.4833,-151.75,80.58,80,100,16.15
318,Constitucion,CL,2022-01-16 21:54:39,-35.3333,-72.4167,62.4,69,81,18.16
319,Alice Springs,AU,2022-01-16 21:50:10,-23.7,133.8833,72.95,83,40,11.5
320,The Valley,AI,2022-01-16 21:54:40,18.217,-63.0578,82.26,65,20,13.8
321,Leningradskiy,RU,2022-01-16 21:54:40,69.3833,178.4167,-26.55,96,25,4.68
322,Erdenet,MN,2022-01-16 21:54:40,49.0333,104.0833,-3.1,87,13,5.19
323,Mareeba,AU,2022-01-16 21:54:41,-17.0,145.4333,75.92,96,89,2.3
324,Hamilton,US,2022-01-16 21:55:41,39.1834,-84.5333,33.53,76,100,1.99
325,Yabelo,ET,2022-01-16 21:55:42,4.8833,38.0833,68.18,47,86,6.33
326,Salalah,OM,2022-01-16 21:55:42,17.0151,54.0924,72.28,71,81,4.54
327,Fougamou,GA,2022-01-16 21:55:43,-1.2154,10.5838,73.0,97,96,1.39
328,Bathsheba,BB,2022-01-16 21:55:43,13.2167,-59.5167,81.21,61,40,18.41
329,Westlock,CA,2022-01-16 21:55:44,54.1502,-113.8688,35.22,89,100,4.79
330,Hualmay,PE,2022-01-16 21:55:44,-11.0964,-77.6139,75.04,72,43,10.31
331,Inhambane,MZ,2022-01-16 21:55:45,-23.865,35.3833,76.51,69,75,10.07
332,Tabou,CI,2022-01-16 21:55:45,4.423,-7.3528,79.45,85,4,6.89
333,College,US,2022-01-16 21:52:29,64.8569,-147.8028,4.28,85,75,0.0
334,Jambi,ID,2022-01-16 21:55:45,-1.6,103.6167,72.97,99,95,2.64
335,San Cristobal,VE,2022-01-16 21:55:46,7.7669,-72.225,78.98,43,27,0.58
336,Bima,ID,2022-01-16 21:55:46,-8.4667,118.7167,76.87,95,100,4.05
337,Tautira,PF,2022-01-16 21:55:47,-17.7333,-149.15,84.22,78,100,15.9
338,Broome,US,2022-01-16 21:55:47,42.2506,-75.833,27.01,49,100,1.99
339,Noumea,NC,2022-01-16 21:55:48,-22.2763,166.4572,82.38,99,1,8.39
340,Khani,GE,2022-01-16 21:55:48,41.9563,42.9566,24.37,97,100,2.33
341,Severnoye,RU,2022-01-16 21:55:49,56.3491,78.3619,31.71,80,100,19.75
342,Dunedin,NZ,2022-01-16 21:54:50,-45.8742,170.5036,67.96,67,100,4.14
343,Oranjemund,NA,2022-01-16 21:55:49,-28.55,16.4333,68.14,84,2,8.99
344,Ust-Kuyga,RU,2022-01-16 21:55:50,70.0167,135.6,-43.51,100,99,6.04
345,Mamallapuram,IN,2022-01-16 21:55:50,12.6264,80.1722,81.05,80,97,9.8
346,Mbaiki,CF,2022-01-16 21:55:51,3.8678,17.9892,74.03,35,97,1.21
347,Lebu,CL,2022-01-16 21:55:51,-37.6167,-73.65,57.92,61,75,15.43
348,Komsomolskiy,UZ,2022-01-16 21:55:51,40.4272,71.7189,42.22,48,95,6.91
349,Nong Chik,TH,2022-01-16 21:55:52,6.8436,101.178,74.98,86,48,7.29
350,Kuching,MY,2022-01-16 21:55:52,1.55,110.3333,77.22,94,40,4.61
351,Axim,GH,2022-01-16 21:55:53,4.8699,-2.2405,79.3,82,50,4.5
352,Yueyang,CN,2022-01-16 21:55:53,29.3333,113.0919,45.5,92,100,0.76
353,Haines Junction,CA,2022-01-16 21:55:54,60.7522,-137.5108,21.15,93,100,0.0
354,Elk City,US,2022-01-16 21:55:54,35.412,-99.4043,62.82,13,0,5.75
355,Vila Velha,BR,2022-01-16 21:55:34,-20.3297,-40.2925,80.55,84,20,1.01
356,Xianyang,CN,2022-01-16 21:55:55,34.3378,108.7026,33.04,69,0,6.71
357,Hofn,IS,2022-01-16 21:55:55,64.2539,-15.2082,28.76,93,100,8.16
358,Kidal,ML,2022-01-16 21:55:56,18.4411,1.4078,62.28,19,57,12.75
359,Nelson Bay,AU,2022-01-16 21:55:56,-32.7167,152.15,78.96,87,58,1.01
360,Turukhansk,RU,2022-01-16 21:55:57,65.8167,87.9833,7.54,87,100,13.13
361,Florida,US,2022-01-16 21:55:57,28.7505,-82.5001,63.09,69,100,3.0
362,Sistranda,NO,2022-01-16 21:55:57,63.7256,8.834,35.91,68,100,48.36
363,Sao Luis De Montes Belos,BR,2022-01-16 21:55:58,-16.525,-50.3722,74.28,77,31,3.18
364,Prabumulih,ID,2022-01-16 21:55:58,-3.45,104.25,72.12,99,100,2.98
365,Sete,FR,2022-01-16 21:55:59,43.4018,3.6966,41.9,55,2,12.68
366,Tchollire,CM,2022-01-16 21:55:59,8.4022,14.1698,71.85,22,52,0.78
367,Polyanka,UA,2022-01-16 21:56:00,50.2584,27.6881,30.61,76,90,12.35
368,Kutum,SD,2022-01-16 21:56:00,14.2,24.6667,61.45,27,1,8.77
369,Huarmey,PE,2022-01-16 21:56:01,-10.0681,-78.1522,75.27,74,55,10.45
370,Necochea,AR,2022-01-16 21:56:01,-38.5473,-58.7368,67.03,76,91,21.45
371,Perth,AU,2022-01-16 21:54:54,-31.9333,115.8333,63.09,65,0,10.36
372,Sakaiminato,JP,2022-01-16 21:57:01,35.55,133.2333,42.73,70,40,10.36
373,Paluan,PH,2022-01-16 21:57:02,13.416,120.4623,75.56,69,84,17.16
374,Katsuura,JP,2022-01-16 21:57:03,35.1333,140.3,41.14,63,85,8.88
375,Dingle,PH,2022-01-16 21:57:03,10.9995,122.6711,71.04,93,99,9.15
376,Comodoro Rivadavia,AR,2022-01-16 21:57:04,-45.8667,-67.5,62.46,19,20,17.27
377,Onega,RU,2022-01-16 21:57:04,63.9061,38.1404,29.75,91,100,11.83
378,Chiang Khong,TH,2022-01-16 21:57:05,20.2613,100.4046,64.72,99,71,0.83
379,Kirkwall,GB,2022-01-16 21:52:38,58.9848,-2.9587,48.54,81,100,27.63
380,Wajid,SO,2022-01-16 21:57:05,3.8093,43.2471,76.91,63,68,14.7
381,Anjangaon,IN,2022-01-16 21:57:06,21.1631,77.3094,63.52,60,1,6.89
382,Channel-Port Aux Basques,CA,2022-01-16 21:57:07,47.5702,-59.1367,22.41,68,100,26.35
383,Corinto,GR,2022-01-16 21:57:08,37.9407,22.9573,44.69,79,4,2.51
384,Lima,PE,2022-01-16 21:55:32,-12.0432,-77.0282,76.14,69,0,17.27
385,Russell,US,2022-01-16 21:57:09,32.3502,-85.1999,37.99,92,100,4.61
386,Port Blair,IN,2022-01-16 21:57:09,11.6667,92.75,77.99,71,59,9.71
387,Pathein,MM,2022-01-16 21:57:10,16.7833,94.7333,68.81,94,28,4.85
388,Uyuni,BO,2022-01-16 21:57:10,-20.4597,-66.825,63.12,29,33,11.16
389,Parati,BR,2022-01-16 21:56:43,-23.2178,-44.7131,79.7,95,74,2.46
390,Sembe,CG,2022-01-16 21:57:11,1.6481,14.5806,72.7,79,89,2.86
391,Lincoln,US,2022-01-16 21:57:11,40.8,-96.667,48.58,64,55,5.01
392,Mondeville,FR,2022-01-16 21:57:12,49.175,-0.3224,47.98,100,100,9.22
393,Sinnamary,GF,2022-01-16 21:57:12,5.3833,-52.95,77.2,85,95,11.95
394,Sapa,PH,2022-01-16 21:57:13,5.1544,120.3241,78.39,83,100,9.13
395,San Joaquin,US,2022-01-16 21:57:13,37.9333,-121.3011,64.45,74,69,3.24
396,Tianmen,CN,2022-01-16 21:57:13,30.6516,113.1603,45.54,57,100,0.76
397,Havre-Saint-Pierre,CA,2022-01-16 21:57:14,50.2334,-63.5986,15.8,72,75,16.11
398,Sabang,ID,2022-01-16 21:57:14,5.8933,95.3214,81.09,76,90,14.65
399,Oussouye,SN,2022-01-16 21:57:15,12.485,-16.5469,78.98,77,100,5.46
400,Kurush,RU,2022-01-16 21:57:16,41.2841,47.8345,-5.91,70,57,0.78
401,Devin,BG,2022-01-16 21:57:17,41.7433,24.4,23.9,67,8,3.44
402,Praia,CV,2022-01-16 21:57:17,14.9215,-23.5087,72.14,68,20,8.05
403,Severnyy,RU,2022-01-16 21:57:18,50.677,36.5532,26.64,80,75,8.95
404,Manokwari,ID,2022-01-16 21:57:19,-0.8667,134.0833,77.38,84,100,1.45
405,Fallon,US,2022-01-16 21:56:01,39.4735,-118.7774,45.45,57,43,1.3
406,Hurghada,EG,2022-01-16 21:57:20,27.2574,33.8129,55.44,41,0,5.75
407,Puteyets,RU,2022-01-16 21:57:20,65.1716,57.091,-9.87,100,92,3.6
408,Kedrovyy,RU,2022-01-16 21:57:20,56.1667,91.8167,12.87,96,100,4.21
409,Son La,VN,2022-01-16 21:57:21,21.3167,103.9,60.6,99,100,1.54
410,Jiayuguan,CN,2022-01-16 21:57:21,39.8167,98.3,23.31,40,97,3.38
411,Sidney,AU,2022-01-16 21:53:31,-33.8679,151.2073,78.62,82,40,3.0
412,Mount Isa,AU,2022-01-16 21:57:22,-20.7333,139.5,87.57,42,100,13.8
413,Tiznit,MA,2022-01-16 21:57:22,29.5833,-9.5,53.74,33,21,6.67
414,Bayanday,RU,2022-01-16 21:58:23,53.0661,105.5139,-2.97,98,99,3.18
415,Yangambi,CD,2022-01-16 21:58:24,0.8102,24.4336,69.15,94,100,2.46
416,Cap-Aux-Meules,CA,2022-01-16 21:58:24,47.3821,-61.8597,17.65,93,75,16.11
417,Makat,KZ,2022-01-16 21:58:24,47.6469,53.3463,27.54,88,96,17.09
418,Sai Buri,TH,2022-01-16 21:58:25,6.7013,101.6168,75.29,85,36,7.0
419,Port Shepstone,ZA,2022-01-16 21:53:48,-30.7414,30.455,75.52,85,90,11.25
420,Changchun,CN,2022-01-16 21:58:26,43.88,125.3228,3.16,97,100,1.63
421,Leninskoye,KZ,2022-01-16 21:58:26,41.7589,69.3864,48.13,97,100,9.28
422,Flin Flon,CA,2022-01-16 21:58:27,54.7682,-101.865,6.64,78,100,3.44
423,Akyab,MM,2022-01-16 21:58:27,20.15,92.9,64.98,74,0,8.46
424,Mount Gambier,AU,2022-01-16 21:58:28,-37.8333,140.7667,62.51,82,100,10.36
425,Te Anau,NZ,2022-01-16 21:58:30,-45.4167,167.7167,62.42,68,82,1.88
426,Naze,JP,2022-01-16 21:58:30,28.3667,129.4833,54.52,71,100,16.49
427,Labrea,BR,2022-01-16 21:58:31,-7.2586,-64.7981,76.28,95,100,2.06
428,Pimentel,PE,2022-01-16 21:58:31,-6.8367,-79.9342,79.09,61,0,24.16
429,Behshahr,IR,2022-01-16 21:58:32,36.6923,53.5526,46.67,84,99,12.08
430,Sakakah,SA,2022-01-16 21:58:32,29.9697,40.2064,49.57,72,8,2.82
431,Ulaanbaatar,MN,2022-01-16 21:58:32,47.9077,106.8832,-1.7,74,9,3.24
432,Chardara,KZ,2022-01-16 21:58:33,41.2547,67.9692,42.64,93,100,19.42
433,Honningsvag,NO,2022-01-16 21:58:33,70.9821,25.9704,26.08,65,100,22.82
434,Las Varas,MX,2022-01-16 21:58:34,21.1667,-105.1667,78.58,61,100,4.65
435,Rio Grande,BR,2022-01-16 21:58:34,-32.035,-52.0986,80.71,95,99,10.87
436,Ancud,CL,2022-01-16 21:58:35,-41.8697,-73.8203,54.43,52,26,11.45
437,Pevek,RU,2022-01-16 21:58:35,69.7008,170.3133,-25.62,96,42,2.19
438,Curup,ID,2022-01-16 21:58:36,-3.4667,102.5333,67.68,97,99,0.87
439,Lucapa,AO,2022-01-16 21:58:36,-8.4192,20.7447,64.53,94,100,2.1
440,Pasni,PK,2022-01-16 21:58:37,25.2631,63.471,70.36,55,99,8.63
441,Boldumsaz,TM,2022-01-16 21:58:37,42.1282,59.671,30.25,69,99,6.35
442,Gidam,IN,2022-01-16 21:58:38,18.9833,81.4,59.88,80,18,2.95
443,Abapo,BO,2022-01-16 21:58:38,-18.8333,-63.4667,84.67,44,2,12.55
444,Armeria,MX,2022-01-16 21:58:39,18.9333,-103.9667,83.19,62,76,8.25
445,Jhargram,IN,2022-01-16 21:58:40,22.45,86.9833,57.51,60,0,6.49
446,Aklavik,CA,2022-01-16 21:58:40,68.2191,-135.0107,-31.97,100,73,6.02
447,Villa Sandino,NI,2022-01-16 21:58:41,12.0483,-84.9936,88.97,52,16,9.86
448,Winsum,NL,2022-01-16 21:54:33,53.33,6.5208,44.58,88,95,16.08
449,Robertson,US,2022-01-16 21:58:42,36.5167,-86.8667,34.95,90,40,10.36
450,Houlton,US,2022-01-16 21:58:42,46.1262,-67.8403,3.72,58,2,2.1
451,Dabakala,CI,2022-01-16 21:58:42,8.3667,-4.4333,82.0,19,74,6.29
452,Ixtapa,MX,2022-01-16 21:58:43,20.7,-105.2,78.22,80,100,5.01
453,Victoria,HK,2022-01-16 21:56:07,22.2855,114.1577,64.45,84,76,4.0
454,Zheleznodorozhnyy,RU,2022-01-16 21:58:43,55.7503,38.0042,23.43,92,58,10.85
455,Bukama,CD,2022-01-16 21:58:44,-9.2,25.85,67.53,97,99,1.99
456,Banda Aceh,ID,2022-01-16 21:59:44,5.5577,95.3222,76.91,86,53,8.95
457,Puerto Maldonado,PE,2022-01-16 21:59:45,-12.6,-69.1833,91.8,52,20,2.3
458,Kropotkin,RU,2022-01-16 21:59:45,45.4375,40.5756,27.97,92,78,8.25
459,Mehamn,NO,2022-01-16 21:59:46,71.0357,27.8492,26.51,65,100,18.77
460,Dzhebariki-Khaya,RU,2022-01-16 21:59:46,62.2167,135.8,-43.42,100,66,1.07
461,Tinskoy,RU,2022-01-16 21:59:47,56.1525,96.9161,8.02,100,97,0.81
462,Goba,ET,2022-01-16 21:59:47,7.0167,39.9833,52.39,73,84,3.36
463,Tuy Hoa,VN,2022-01-16 21:57:23,13.0833,109.3,70.34,92,71,3.83
464,Suhbaatar,MN,2022-01-16 21:59:48,50.2314,106.2078,-18.33,99,45,1.23
465,Vitoria Da Conquista,BR,2022-01-16 21:59:49,-14.8661,-40.8394,67.68,79,24,5.14
466,Linjiang,CN,2022-01-16 21:59:49,41.8069,126.9078,2.12,96,100,1.43
467,Lypova Dolyna,UA,2022-01-16 21:59:50,50.5643,33.7979,25.74,89,23,8.77
468,Portland,US,2022-01-16 21:58:30,45.5234,-122.6762,51.46,81,99,1.01
469,Matara,LK,2022-01-16 21:59:50,5.9485,80.5353,73.56,90,53,9.98
470,Dekar,BW,2022-01-16 21:59:51,-21.5333,21.9333,75.45,52,94,5.32
471,Antofagasta,CL,2022-01-16 21:59:51,-23.65,-70.4,72.21,49,5,7.11
472,Sept-Iles,CA,2022-01-16 21:59:52,50.2001,-66.3821,11.05,61,75,14.0
473,Izhma,RU,2022-01-16 21:59:52,65.0083,53.9113,-8.48,100,99,2.98
474,Ostrow Mazowiecka,PL,2022-01-16 21:59:53,52.8024,21.8951,34.63,92,100,16.71
475,Phan Thiet,VN,2022-01-16 21:59:53,10.9333,108.1,69.98,85,25,5.93
476,Shahrud,IR,2022-01-16 21:59:11,36.4182,54.9763,35.69,60,0,1.01
477,Waddan,LY,2022-01-16 21:59:54,29.1614,16.139,49.15,83,47,6.2
478,Mackay,AU,2022-01-16 21:59:55,-21.15,149.2,85.68,83,82,1.14
479,Chegdomyn,RU,2022-01-16 21:59:55,51.1167,133.0167,-2.04,99,100,1.59
480,Saint-Georges,GD,2022-01-16 21:59:56,12.0564,-61.7485,82.08,69,20,18.41
481,Bandarbeyla,SO,2022-01-16 21:59:56,9.4942,50.8122,75.36,68,82,13.42
482,Black River,JM,2022-01-16 21:59:57,18.0264,-77.8487,83.98,67,6,11.25
483,Poum,NC,2022-01-16 21:59:57,-20.2333,164.0167,81.16,72,89,16.82
484,Abu Samrah,SY,2022-01-16 21:59:58,35.3029,37.1841,34.83,46,0,5.86
485,Sindang,ID,2022-01-16 21:59:58,-7.0047,108.335,68.94,95,49,1.57
486,Otane,NZ,2022-01-16 21:59:59,-39.8833,176.6333,68.02,65,99,5.61
487,Kanungu,UG,2022-01-16 21:59:59,-0.9575,29.7897,58.44,94,100,2.55
488,Noshiro,JP,2022-01-16 22:00:00,40.2039,140.0242,34.74,63,100,20.87
489,Vardo,NO,2022-01-16 22:00:01,70.3705,31.1107,28.38,64,75,25.32
490,Helena,US,2022-01-16 22:00:02,46.5927,-112.0361,45.63,55,84,3.0
491,Morros,BR,2022-01-16 22:00:03,-9.4467,-46.3003,75.67,76,81,4.94
492,Aquiraz,BR,2022-01-16 22:00:04,-3.9014,-38.3911,81.21,95,17,8.12
493,Abnub,EG,2022-01-16 22:00:05,27.2696,31.1511,54.63,52,100,11.18
494,Southbridge,US,2022-01-16 22:00:06,42.0751,-72.0334,26.56,31,99,1.01
495,Alta Floresta,BR,2022-01-16 22:00:08,-9.8756,-56.0861,74.64,90,64,1.59
496,Maswa,TZ,2022-01-16 22:00:10,-2.6833,33.9833,65.55,79,100,2.71
497,Redlands,US,2022-01-16 22:00:11,34.0556,-117.1825,74.25,25,49,1.01
498,Almansa,ES,2022-01-16 22:00:11,38.8692,-1.0971,36.9,60,0,3.83
499,Aksu,CN,2022-01-16 22:00:12,41.1231,80.2644,24.3,60,3,2.77
500,Northam,GB,2022-01-16 22:00:14,51.0333,-4.2167,44.62,74,16,7.09
501,Hudson Bay,CA,2022-01-16 22:00:14,52.85,-102.3842,21.27,93,100,4.34
502,Belgrade,RS,2022-01-16 22:00:16,44.804,20.4651,28.38,91,71,1.01
503,Tilichiki,RU,2022-01-16 22:00:17,60.4667,166.1,-21.75,90,7,10.51
504,Brownfield,US,2022-01-16 22:01:18,33.1812,-102.2744,68.4,11,0,9.04
505,Vermillion,US,2022-01-16 22:01:19,42.7794,-96.9292,45.27,70,76,16.46
506,Irondequoit,US,2022-01-16 22:01:19,43.2134,-77.5797,30.29,43,75,1.99
507,Fort Nelson,CA,2022-01-16 22:01:20,58.8053,-122.7002,2.79,85,100,9.22
508,Makakilo City,US,2022-01-16 22:01:21,21.3469,-158.0858,79.61,63,0,2.84
509,Rio Tuba,PH,2022-01-16 22:01:21,8.5061,117.4317,79.36,78,62,15.35
510,Xining,CN,2022-01-16 22:00:12,36.6167,101.7667,22.05,28,0,1.72
511,Koutsouras,GR,2022-01-16 22:01:22,35.0339,25.9469,51.12,52,4,12.33
512,Muros,ES,2022-01-16 22:01:22,42.7762,-9.0603,55.24,93,100,5.48
513,Troitskoye,RU,2022-01-16 22:01:23,52.9821,84.6757,35.55,84,100,10.07
514,Roma,US,2022-01-16 22:01:22,43.2128,-75.4557,28.83,53,0,9.22
515,Mmathubudukwane,BW,2022-01-16 22:01:24,-24.6,26.4333,71.24,77,100,3.65
516,Toora-Khem,RU,2022-01-16 22:01:24,52.4675,96.11,-3.96,99,100,0.83
517,Ossora,RU,2022-01-16 22:01:25,59.2353,163.0719,-9.67,88,14,4.7
518,Majene,ID,2022-01-16 22:01:26,-3.5403,118.9707,76.57,82,100,4.83
519,Falavarjan,IR,2022-01-16 22:01:27,32.5553,51.5097,27.61,42,0,5.03
520,Novo Aripuana,BR,2022-01-16 22:01:27,-5.1206,-60.3797,80.17,82,70,2.39
521,Bac Lieu,VN,2022-01-16 22:01:28,9.285,105.7244,75.67,82,33,13.87
522,Shaoyang,CN,2022-01-16 22:01:28,27.2315,111.4525,43.65,95,100,2.01
523,Khromtau,KZ,2022-01-16 22:01:29,50.2503,58.4347,17.71,90,94,18.95
524,Mae Ramat,TH,2022-01-16 22:01:29,16.984,98.5166,64.85,98,30,1.1
525,Mul,IN,2022-01-16 22:01:30,20.0667,79.6667,61.52,76,0,5.73
526,Nhulunbuy,AU,2022-01-16 22:01:31,-12.2333,136.7667,81.21,94,68,0.0
527,Yuxia,CN,2022-01-16 22:01:31,34.0615,108.6291,41.16,52,0,2.46
528,Fortuna,US,2022-01-16 22:01:32,40.5982,-124.1573,61.86,83,0,8.05
529,Lerwick,GB,2022-01-16 22:01:32,60.1545,-1.1494,48.2,90,100,15.79
530,La Rioja,ES,2022-01-16 22:01:33,42.25,-2.5,34.05,69,100,4.99
531,Ambon,ID,2022-01-16 22:01:33,-3.6954,128.1814,77.14,88,40,4.61
532,Honiara,SB,2022-01-16 22:01:34,-9.4333,159.95,84.63,71,80,3.18
533,Aketi,CD,2022-01-16 22:01:35,2.7388,23.7833,71.42,91,100,2.33
534,Nuqui,CO,2022-01-16 22:01:35,5.7125,-77.2708,80.02,78,85,5.88
535,Binzhou,CN,2022-01-16 22:01:37,37.3667,118.0167,25.41,46,3,4.32
536,Samarai,PG,2022-01-16 22:01:37,-10.6167,150.6667,81.9,76,70,8.68
537,Quesnel,CA,2022-01-16 22:01:38,52.9999,-122.5029,36.97,90,100,10.18
538,Inirida,CO,2022-01-16 22:01:38,3.8653,-67.9239,82.56,71,63,2.1
539,Lagoa,PT,2022-01-16 22:01:39,39.05,-27.9833,55.47,61,60,15.55
540,Komlo,HU,2022-01-16 22:01:39,46.1928,18.2649,29.64,79,70,2.84
541,Loubomo,CG,2022-01-16 22:01:40,-4.1997,12.6739,71.51,96,99,4.81
542,Belaya Gora,RU,2022-01-16 22:01:40,68.5333,146.4167,-49.31,100,65,3.56
543,Grand-Santi,GF,2022-01-16 22:01:41,4.25,-54.3833,74.46,92,84,3.09
544,Bilma,NE,2022-01-16 22:01:41,18.6853,12.9164,55.98,28,42,12.08
545,Sosnovo-Ozerskoye,RU,2022-01-16 22:01:42,52.5249,111.5418,-16.71,99,100,4.12
546,Lishan,CN,2022-01-16 22:01:42,31.8576,113.2951,42.19,63,100,2.64
547,Evensk,RU,2022-01-16 22:01:43,61.95,159.2333,3.45,63,0,11.68
548,Maceio,BR,2022-01-16 21:59:49,-9.6658,-35.7353,81.84,74,0,9.22
549,Ruteng,ID,2022-01-16 22:01:43,-8.6136,120.4721,64.22,92,100,3.13
550,Nyurba,RU,2022-01-16 22:02:44,63.2842,118.3319,-47.29,100,61,1.14
551,Sanmenxia,CN,2022-01-16 22:02:46,34.7747,111.1814,36.52,57,1,3.58
552,Rio Gallegos,AR,2022-01-16 21:59:39,-51.6226,-69.2181,42.85,87,75,17.27
553,Yulara,AU,2022-01-16 22:02:46,-25.2406,130.9889,71.44,100,100,14.97
554,Omsukchan,RU,2022-01-16 22:02:47,62.5333,155.8,-25.08,86,21,3.09
555,Hazorasp,UZ,2022-01-16 22:02:47,41.3194,61.0742,28.24,71,86,9.42
556,Nishihara,JP,2022-01-16 22:02:48,26.1842,127.7558,61.88,88,75,12.66
557,Sao Felix Do Xingu,BR,2022-01-16 22:02:48,-6.6447,-51.995,72.66,96,48,2.33
558,Baloda Bazar,IN,2022-01-16 22:02:49,21.6667,82.1667,59.74,66,0,4.18
559,Xingyi,CN,2022-01-16 22:02:49,24.1877,102.817,46.47,92,100,2.68
560,Holbeach,GB,2022-01-16 22:02:50,52.804,0.0144,43.3,80,70,5.01
561,Orange Cove,US,2022-01-16 22:02:51,36.6244,-119.3137,67.44,37,61,2.93
562,Lagunas,PE,2022-01-16 22:02:51,-5.2269,-75.6753,89.78,46,77,3.96
563,Saint-Pierre,RE,2022-01-16 22:02:52,-21.3393,55.4781,78.48,80,0,4.61
564,Murray Bridge,AU,2022-01-16 22:02:52,-35.1167,139.2667,67.48,69,100,10.67
565,Teluk Nibung,ID,2022-01-16 22:02:52,3.001,99.8164,75.0,89,15,2.82
566,Svetlogorsk,BY,2022-01-16 22:02:53,52.6333,29.7333,28.33,82,95,13.29
567,Tezu,IN,2022-01-16 22:02:54,27.9167,96.1667,54.73,52,24,4.14
568,Prince Rupert,CA,2022-01-16 21:58:37,54.3161,-130.3201,44.69,93,100,5.75
569,Bordighera,IT,2022-01-16 22:02:54,43.7806,7.6645,53.96,75,0,4.0
570,Shakhtinsk,KZ,2022-01-16 22:02:55,49.71,72.5872,25.36,86,93,14.65
571,Inta,RU,2022-01-16 22:02:56,66.0317,60.1659,-10.44,100,99,4.43
572,Halifax,CA,2022-01-16 22:01:46,44.6453,-63.5724,15.22,72,6,5.59
573,Santa Maria Del Oro,MX,2022-01-16 22:02:57,25.9333,-105.3667,65.28,24,50,4.97
574,Serdobsk,RU,2022-01-16 22:02:57,52.4586,44.2169,6.01,99,80,7.36
575,Nagyrabe,HU,2022-01-16 22:02:58,47.2,21.3333,26.94,97,100,7.09
576,Huanan,CN,2022-01-16 22:02:58,46.2167,130.5167,-5.84,97,97,5.66
577,Beyneu,KZ,2022-01-16 22:02:59,45.3167,55.2,27.5,91,42,11.61
578,Grindavik,IS,2022-01-16 22:02:59,63.8424,-22.4338,43.27,100,100,27.63
579,Kashin,RU,2022-01-16 22:03:00,57.3592,37.6081,24.93,93,92,14.56
580,Chapais,CA,2022-01-16 22:03:00,49.7834,-74.8492,9.0,77,100,10.42
581,Wanning,CN,2022-01-16 22:03:01,18.8003,110.3967,68.05,91,51,6.24
582,Tunceli,TR,2022-01-16 22:03:01,39.1083,39.5471,18.25,66,0,7.2
583,Sorland,NO,2022-01-16 22:03:02,67.667,12.6934,33.71,75,100,23.85
